Hemisphere,Year,Jan,Feb,Mar,Apr,May,Jun,Jul,Aug,Sep,Oct,Nov,Dec,change temp
Global,1880,-0.17,-0.23,-0.08,-0.15,-0.08,-0.2,-0.17,-0.09,-0.13,-0.22,-0.2,-0.16,-0.1566666667
Global,1881,-0.18,-0.13,0.04,0.06,0.08,-0.17,0.02,-0.02,-0.14,-0.2,-0.17,-0.05,-0.07166666667
Global,1882,0.18,0.15,0.06,-0.15,-0.13,-0.21,-0.15,-0.06,-0.13,-0.23,-0.15,-0.34,-0.09666666667
Global,1883,-0.28,-0.36,-0.11,-0.17,-0.16,-0.07,-0.05,-0.12,-0.2,-0.1,-0.22,-0.1,-0.1616666667
Global,1884,-0.12,-0.07,-0.36,-0.39,-0.33,-0.34,-0.32,-0.27,-0.26,-0.24,-0.32,-0.3,-0.2766666667
Global,1885,-0.58,-0.33,-0.25,-0.41,-0.44,-0.43,-0.33,-0.3,-0.28,-0.23,-0.23,-0.09,-0.325
Global,1886,-0.43,-0.5,-0.42,-0.27,-0.23,-0.34,-0.17,-0.3,-0.23,-0.27,-0.26,-0.24,-0.305
Global,1887,-0.71,-0.56,-0.35,-0.34,-0.29,-0.24,-0.25,-0.34,-0.25,-0.35,-0.25,-0.32,-0.3541666667
Global,1888,-0.33,-0.35,-0.41,-0.2,-0.21,-0.17,-0.1,-0.15,-0.11,0.02,0.03,-0.03,-0.1675
Global,1889,-0.08,0.17,0.06,0.1,0,-0.1,-0.07,-0.2,-0.24,-0.25,-0.33,-0.28,-0.1016666667
Global,1890,-0.41,-0.44,-0.4,-0.29,-0.39,-0.24,-0.27,-0.38,-0.36,-0.24,-0.42,-0.3,-0.345
Global,1891,-0.34,-0.46,-0.18,-0.27,-0.16,-0.2,-0.17,-0.17,-0.15,-0.22,-0.31,-0.04,-0.2225
Global,1892,-0.28,-0.1,-0.4,-0.33,-0.23,-0.22,-0.31,-0.27,-0.16,-0.14,-0.41,-0.38,-0.2691666667
Global,1893,-0.81,-0.57,-0.22,-0.27,-0.33,-0.25,-0.13,-0.24,-0.22,-0.18,-0.18,-0.31,-0.3091666667
Global,1894,-0.52,-0.29,-0.23,-0.44,-0.3,-0.4,-0.23,-0.23,-0.27,-0.23,-0.25,-0.2,-0.2991666667
Global,1895,-0.4,-0.42,-0.32,-0.21,-0.26,-0.2,-0.16,-0.16,-0.12,-0.1,-0.16,-0.13,-0.22
Global,1896,-0.21,-0.12,-0.26,-0.3,-0.15,-0.1,-0.02,-0.05,-0.07,0.07,-0.04,-0.04,-0.1075
Global,1897,-0.15,-0.17,-0.13,-0.02,-0.01,-0.11,-0.02,-0.09,-0.08,-0.12,-0.17,-0.19,-0.105
Global,1898,-0.01,-0.29,-0.5,-0.3,-0.29,-0.18,-0.21,-0.25,-0.21,-0.34,-0.37,-0.22,-0.2641666667
Global,1899,-0.15,-0.38,-0.35,-0.2,-0.22,-0.31,-0.15,-0.08,-0.04,-0.04,0.14,-0.25,-0.1691666667
Global,1900,-0.35,-0.05,0.01,-0.08,-0.08,-0.09,-0.12,-0.08,-0.04,0.11,-0.05,-0.06,-0.07333333333
Global,1901,-0.21,-0.1,0.07,-0.02,-0.15,-0.11,-0.14,-0.2,-0.21,-0.28,-0.17,-0.26,-0.1483333333
Global,1902,-0.17,-0.06,-0.27,-0.27,-0.31,-0.29,-0.27,-0.29,-0.28,-0.28,-0.34,-0.4,-0.2691666667
Global,1903,-0.22,-0.05,-0.21,-0.4,-0.39,-0.41,-0.34,-0.44,-0.49,-0.47,-0.41,-0.49,-0.36
Global,1904,-0.62,-0.57,-0.47,-0.49,-0.51,-0.47,-0.5,-0.48,-0.55,-0.38,-0.16,-0.32,-0.46
Global,1905,-0.34,-0.58,-0.21,-0.33,-0.29,-0.27,-0.26,-0.19,-0.18,-0.24,-0.06,-0.12,-0.2558333333
Global,1906,-0.27,-0.29,-0.18,-0.04,-0.25,-0.19,-0.22,-0.19,-0.28,-0.19,-0.36,-0.14,-0.2166666667
Global,1907,-0.42,-0.5,-0.26,-0.36,-0.45,-0.41,-0.34,-0.33,-0.33,-0.22,-0.45,-0.46,-0.3775
Global,1908,-0.44,-0.32,-0.54,-0.44,-0.37,-0.37,-0.34,-0.45,-0.35,-0.43,-0.51,-0.48,-0.42
Global,1909,-0.71,-0.45,-0.54,-0.58,-0.54,-0.51,-0.44,-0.32,-0.38,-0.39,-0.31,-0.55,-0.4766666667
Global,1910,-0.41,-0.41,-0.5,-0.41,-0.33,-0.37,-0.33,-0.35,-0.38,-0.4,-0.54,-0.66,-0.4241666667
Global,1911,-0.61,-0.56,-0.6,-0.52,-0.5,-0.49,-0.4,-0.43,-0.4,-0.26,-0.2,-0.2,-0.4308333333
Global,1912,-0.24,-0.13,-0.37,-0.16,-0.2,-0.22,-0.41,-0.53,-0.57,-0.56,-0.38,-0.42,-0.3491666667
Global,1913,-0.39,-0.44,-0.42,-0.39,-0.43,-0.44,-0.35,-0.33,-0.34,-0.32,-0.19,-0.01,-0.3375
Global,1914,0.06,-0.09,-0.23,-0.28,-0.2,-0.25,-0.23,-0.15,-0.16,-0.03,-0.14,-0.03,-0.1441666667
Global,1915,-0.2,-0.03,-0.09,0.07,-0.05,-0.21,-0.11,-0.21,-0.2,-0.24,-0.12,-0.21,-0.1333333333
Global,1916,-0.11,-0.14,-0.27,-0.3,-0.33,-0.48,-0.36,-0.27,-0.35,-0.32,-0.45,-0.81,-0.3491666667
Global,1917,-0.57,-0.62,-0.63,-0.54,-0.54,-0.42,-0.24,-0.21,-0.22,-0.43,-0.32,-0.66,-0.45
Global,1918,-0.47,-0.33,-0.24,-0.43,-0.42,-0.35,-0.31,-0.31,-0.17,-0.05,-0.11,-0.29,-0.29
Global,1919,-0.2,-0.23,-0.21,-0.12,-0.27,-0.35,-0.28,-0.32,-0.25,-0.19,-0.4,-0.41,-0.2691666667
Global,1920,-0.24,-0.26,-0.12,-0.23,-0.26,-0.35,-0.29,-0.26,-0.21,-0.26,-0.26,-0.45,-0.2658333333
Global,1921,-0.04,-0.17,-0.22,-0.29,-0.3,-0.27,-0.14,-0.25,-0.19,-0.03,-0.13,-0.17,-0.1833333333
Global,1922,-0.32,-0.44,-0.14,-0.22,-0.33,-0.3,-0.27,-0.32,-0.35,-0.32,-0.14,-0.18,-0.2775
Global,1923,-0.27,-0.39,-0.33,-0.4,-0.33,-0.28,-0.3,-0.32,-0.31,-0.13,-0.02,-0.04,-0.26
Global,1924,-0.22,-0.23,-0.08,-0.3,-0.18,-0.25,-0.28,-0.35,-0.32,-0.35,-0.2,-0.42,-0.265
Global,1925,-0.38,-0.4,-0.27,-0.25,-0.28,-0.32,-0.26,-0.19,-0.19,-0.16,0.05,0.07,-0.215
Global,1926,0.21,0.03,0.11,-0.12,-0.23,-0.25,-0.27,-0.13,-0.14,-0.11,-0.06,-0.29,-0.1041666667
Global,1927,-0.27,-0.18,-0.38,-0.3,-0.25,-0.27,-0.18,-0.24,-0.12,-0.01,-0.05,-0.33,-0.215
Global,1928,-0.01,-0.09,-0.25,-0.27,-0.29,-0.38,-0.19,-0.22,-0.21,-0.19,-0.09,-0.16,-0.1958333333
Global,1929,-0.44,-0.58,-0.32,-0.41,-0.38,-0.43,-0.36,-0.32,-0.25,-0.14,-0.1,-0.54,-0.3558333333
Global,1930,-0.29,-0.26,-0.1,-0.25,-0.24,-0.22,-0.21,-0.15,-0.15,-0.12,0.18,-0.05,-0.155
Global,1931,-0.1,-0.21,-0.1,-0.23,-0.19,-0.08,-0.03,-0.04,-0.07,0.05,-0.05,-0.05,-0.09166666667
Global,1932,0.15,-0.17,-0.18,-0.06,-0.17,-0.29,-0.25,-0.22,-0.11,-0.09,-0.27,-0.26,-0.16
Global,1933,-0.23,-0.29,-0.3,-0.24,-0.29,-0.34,-0.21,-0.24,-0.29,-0.25,-0.31,-0.44,-0.2858333333
Global,1934,-0.21,-0.02,-0.29,-0.3,-0.09,-0.14,-0.1,-0.12,-0.15,-0.07,0.04,-0.02,-0.1225
Global,1935,-0.33,0.14,-0.14,-0.36,-0.29,-0.27,-0.21,-0.21,-0.21,-0.06,-0.26,-0.17,-0.1975
Global,1936,-0.27,-0.38,-0.21,-0.2,-0.16,-0.21,-0.1,-0.13,-0.09,-0.03,0.01,-0.01,-0.1483333333
Global,1937,-0.07,0.03,-0.2,-0.15,-0.05,-0.05,-0.03,0.02,0.09,0.09,0.08,-0.07,-0.02583333333
Global,1938,0.08,0.03,0.09,0.06,-0.09,-0.17,-0.09,-0.05,0,0.15,0.08,-0.12,-0.0025
Global,1939,-0.05,-0.07,-0.18,-0.09,-0.04,-0.07,-0.06,-0.06,-0.07,-0.04,0.07,0.44,-0.01833333333
Global,1940,0,0.08,0.09,0.17,0.11,0.11,0.12,0.07,0.15,0.11,0.17,0.32,0.125
Global,1941,0.18,0.31,0.1,0.16,0.17,0.13,0.22,0.15,0.02,0.35,0.22,0.21,0.185
Global,1942,0.29,0.02,0.05,0.09,0.11,0.05,0,-0.04,-0.03,0.01,0.1,0.13,0.065
Global,1943,-0.01,0.17,-0.04,0.11,0.07,-0.05,0.08,0.01,0.05,0.23,0.2,0.24,0.08833333333
Global,1944,0.36,0.24,0.26,0.19,0.19,0.15,0.18,0.18,0.28,0.26,0.11,0.04,0.2033333333
Global,1945,0.1,0,0.06,0.19,0.06,0,0.03,0.26,0.2,0.18,0.07,-0.07,0.09
Global,1946,0.15,0.02,0.01,0.05,-0.07,-0.21,-0.12,-0.2,-0.08,-0.08,-0.05,-0.31,-0.07416666667
Global,1947,-0.07,-0.08,0.06,0.06,-0.02,-0.02,-0.04,-0.07,-0.12,0.07,0.03,-0.13,-0.0275
Global,1948,0.06,-0.15,-0.24,-0.12,-0.01,-0.05,-0.11,-0.12,-0.14,-0.05,-0.12,-0.23,-0.1066666667
Global,1949,0.07,-0.14,-0.02,-0.11,-0.1,-0.27,-0.13,-0.13,-0.14,-0.06,-0.1,-0.18,-0.1091666667
Global,1950,-0.26,-0.27,-0.08,-0.21,-0.11,-0.05,-0.09,-0.16,-0.11,-0.2,-0.34,-0.21,-0.1741666667
Global,1951,-0.34,-0.41,-0.2,-0.14,0,-0.07,-0.01,0.06,0.05,0.08,-0.01,0.16,-0.06916666667
Global,1952,0.12,0.11,-0.08,0.03,-0.03,-0.03,0.04,0.05,0.07,0,-0.13,-0.02,0.01083333333
Global,1953,0.07,0.15,0.11,0.19,0.11,0.12,0.01,0.05,0.04,0.08,-0.03,0.05,0.07916666667
Global,1954,-0.24,-0.1,-0.15,-0.14,-0.2,-0.18,-0.19,-0.17,-0.1,-0.02,0.08,-0.18,-0.1325
Global,1955,0.13,-0.16,-0.32,-0.22,-0.2,-0.14,-0.11,0.02,-0.11,-0.05,-0.25,-0.28,-0.1408333333
Global,1956,-0.12,-0.24,-0.21,-0.27,-0.29,-0.16,-0.09,-0.26,-0.19,-0.23,-0.15,-0.06,-0.1891666667
Global,1957,-0.09,-0.03,-0.05,0,0.09,0.15,0.02,0.15,0.09,0.01,0.08,0.15,0.0475
Global,1958,0.39,0.22,0.08,0.01,0.06,-0.09,0.05,-0.05,-0.02,0.04,0.02,0.01,0.06
Global,1959,0.08,0.07,0.18,0.16,0.04,0.03,0.03,-0.01,-0.06,-0.07,-0.08,-0.01,0.03
Global,1960,0,0.13,-0.35,-0.15,-0.08,-0.04,-0.04,0.02,0.07,0.06,-0.11,0.19,-0.025
Global,1961,0.07,0.19,0.09,0.13,0.12,0.11,0.01,0.01,0.09,0,0.03,-0.16,0.0575
Global,1962,0.05,0.15,0.1,0.05,-0.06,0.03,0.02,-0.01,0,0.01,0.06,-0.03,0.03083333333
Global,1963,-0.03,0.18,-0.14,-0.07,-0.06,0.05,0.06,0.22,0.18,0.14,0.15,-0.03,0.05416666667
Global,1964,-0.09,-0.1,-0.21,-0.32,-0.25,-0.04,-0.04,-0.22,-0.3,-0.32,-0.21,-0.3,-0.2
Global,1965,-0.08,-0.17,-0.13,-0.19,-0.12,-0.08,-0.13,-0.04,-0.15,-0.05,-0.06,-0.08,-0.1066666667
Global,1966,-0.19,-0.04,0.04,-0.13,-0.12,0.01,0.08,-0.09,-0.03,-0.16,-0.01,-0.02,-0.055
Global,1967,-0.07,-0.21,0.05,-0.05,0.12,-0.08,0.02,0.01,-0.06,0.09,-0.05,-0.05,-0.02333333333
Global,1968,-0.26,-0.14,0.2,-0.06,-0.14,-0.09,-0.13,-0.09,-0.19,0.09,-0.05,-0.15,-0.08416666667
Global,1969,-0.11,-0.17,0.01,0.17,0.18,0.03,-0.04,0.04,0.09,0.1,0.12,0.24,0.055
Global,1970,0.08,0.22,0.06,0.05,-0.04,-0.03,0.01,-0.1,0.12,0.03,0.02,-0.12,0.025
Global,1971,-0.02,-0.16,-0.18,-0.07,-0.05,-0.17,-0.08,-0.01,-0.06,-0.04,-0.07,-0.08,-0.0825
Global,1972,-0.22,-0.18,0.02,0,-0.03,0.04,0.01,0.16,0.02,0.08,0.02,0.18,0.008333333333
Global,1973,0.29,0.32,0.29,0.27,0.22,0.19,0.13,0.05,0.09,0.1,0.05,-0.07,0.1608333333
Global,1974,-0.1,-0.27,-0.05,-0.11,-0.04,-0.05,-0.03,0.11,-0.08,-0.05,-0.07,-0.08,-0.06833333333
Global,1975,0.1,0.08,0.12,0.04,0.16,-0.01,-0.01,-0.17,-0.03,-0.11,-0.17,-0.17,-0.01416666667
Global,1976,-0.03,-0.06,-0.21,-0.07,-0.21,-0.12,-0.1,-0.12,-0.06,-0.24,-0.06,0.11,-0.0975
Global,1977,0.18,0.23,0.25,0.26,0.33,0.27,0.2,0.18,0.02,0.03,0.16,0.03,0.1783333333
Global,1978,0.06,0.1,0.19,0.17,0.09,-0.01,0.04,-0.13,0.06,0.03,0.14,0.08,0.06833333333
Global,1979,0.08,-0.1,0.19,0.15,0.04,0.14,0.04,0.17,0.25,0.26,0.28,0.48,0.165
Global,1980,0.3,0.4,0.3,0.3,0.35,0.2,0.22,0.19,0.2,0.13,0.3,0.22,0.2591666667
Global,1981,0.53,0.42,0.48,0.32,0.25,0.29,0.32,0.35,0.15,0.12,0.23,0.41,0.3225
Global,1982,0.05,0.15,0.03,0.15,0.18,0.06,0.15,0.04,0.14,0.13,0.18,0.43,0.1408333333
Global,1983,0.53,0.43,0.42,0.28,0.34,0.23,0.18,0.35,0.37,0.17,0.3,0.17,0.3141666667
Global,1984,0.31,0.14,0.26,0.06,0.33,0.02,0.19,0.19,0.21,0.14,0.07,-0.04,0.1566666667
Global,1985,0.22,-0.04,0.17,0.12,0.15,0.15,0.04,0.17,0.13,0.12,0.05,0.14,0.1183333333
Global,1986,0.26,0.37,0.3,0.22,0.21,0.12,0.11,0.16,0.03,0.15,0.1,0.13,0.18
Global,1987,0.32,0.43,0.19,0.25,0.26,0.35,0.4,0.25,0.35,0.33,0.29,0.46,0.3233333333
Global,1988,0.57,0.44,0.52,0.43,0.44,0.4,0.33,0.39,0.37,0.38,0.12,0.29,0.39
Global,1989,0.12,0.3,0.36,0.29,0.17,0.17,0.34,0.33,0.35,0.29,0.19,0.37,0.2733333333
Global,1990,0.42,0.44,0.8,0.56,0.46,0.38,0.46,0.34,0.23,0.45,0.47,0.41,0.4516666667
Global,1991,0.43,0.5,0.35,0.51,0.34,0.53,0.47,0.39,0.44,0.29,0.3,0.32,0.4058333333
Global,1992,0.47,0.4,0.48,0.27,0.31,0.26,0.08,0.08,-0.01,0.06,0.03,0.21,0.22
Global,1993,0.35,0.37,0.36,0.28,0.29,0.23,0.25,0.11,0.12,0.23,0.04,0.18,0.2341666667
Global,1994,0.26,0.02,0.29,0.42,0.28,0.44,0.3,0.22,0.32,0.42,0.44,0.38,0.3158333333
Global,1995,0.52,0.79,0.47,0.46,0.27,0.44,0.45,0.45,0.34,0.47,0.44,0.25,0.4458333333
Global,1996,0.24,0.46,0.33,0.32,0.28,0.26,0.36,0.48,0.25,0.2,0.39,0.37,0.3283333333
Global,1997,0.3,0.41,0.52,0.34,0.34,0.54,0.34,0.42,0.52,0.61,0.64,0.59,0.4641666667
Global,1998,0.58,0.88,0.63,0.63,0.68,0.77,0.66,0.66,0.42,0.42,0.43,0.55,0.6091666667
Global,1999,0.49,0.64,0.32,0.31,0.27,0.36,0.38,0.32,0.38,0.34,0.38,0.41,0.3833333333
Global,2000,0.25,0.56,0.56,0.56,0.36,0.4,0.39,0.42,0.38,0.28,0.3,0.28,0.395
Global,2001,0.46,0.44,0.56,0.51,0.58,0.52,0.59,0.5,0.52,0.51,0.73,0.56,0.54
Global,2002,0.78,0.79,0.88,0.58,0.63,0.53,0.61,0.53,0.63,0.54,0.59,0.44,0.6275
Global,2003,0.75,0.58,0.6,0.55,0.61,0.48,0.59,0.65,0.62,0.73,0.53,0.75,0.62
Global,2004,0.58,0.73,0.64,0.61,0.38,0.44,0.27,0.47,0.5,0.61,0.73,0.51,0.5391666667
Global,2005,0.75,0.6,0.75,0.68,0.63,0.65,0.62,0.62,0.71,0.75,0.74,0.68,0.6816666667
Global,2006,0.57,0.73,0.63,0.49,0.5,0.66,0.55,0.71,0.65,0.7,0.74,0.79,0.6433333333
Global,2007,1.03,0.7,0.73,0.77,0.69,0.62,0.61,0.6,0.6,0.58,0.59,0.5,0.6683333333
Global,2008,0.31,0.38,0.75,0.54,0.49,0.5,0.6,0.47,0.61,0.67,0.69,0.54,0.5458333333
Global,2009,0.65,0.53,0.54,0.61,0.65,0.65,0.74,0.68,0.73,0.65,0.81,0.68,0.66
Global,2010,0.75,0.84,0.92,0.84,0.75,0.68,0.63,0.68,0.63,0.71,0.82,0.45,0.725
Global,2011,0.52,0.48,0.65,0.65,0.52,0.62,0.71,0.75,0.57,0.66,0.59,0.6,0.61
Global,2012,0.49,0.5,0.58,0.72,0.78,0.65,0.58,0.63,0.72,0.79,0.78,0.53,0.6458333333
Global,2013,0.71,0.63,0.68,0.55,0.61,0.69,0.61,0.7,0.78,0.69,0.84,0.7,0.6825
Global,2014,0.76,0.55,0.79,0.81,0.87,0.68,0.58,0.82,0.88,0.81,0.67,0.79,0.7508333333
Global,2015,0.85,0.91,0.96,0.76,0.8,0.82,0.74,0.81,0.85,1.09,1.06,1.16,0.9008333333
Global,2016,1.17,1.37,1.35,1.12,0.96,0.81,0.85,1.02,0.91,0.89,0.91,0.86,1.018333333
Global,2017,1.03,1.15,1.17,0.95,0.91,0.72,0.82,0.87,0.77,0.9,0.88,0.94,0.9258333333
Global,2018,0.82,0.85,0.9,0.89,0.83,0.78,0.83,0.76,0.81,1.02,0.83,0.92,0.8533333333
Global,2019,0.94,0.96,1.18,1.02,0.86,0.93,0.95,0.94,0.93,1.02,1.01,1.09,0.9858333333
Global,2020,1.17,1.26,1.18,1.14,1.02,0.92,0.9,0.87,0.99,0.89,1.11,0.81,1.021666667
Northern,1880,-0.34,-0.5,-0.22,-0.28,-0.04,-0.14,-0.16,-0.24,-0.21,-0.3,-0.41,-0.38,-0.2683333333
Northern,1881,-0.3,-0.21,-0.03,0.02,0.05,-0.31,0.1,-0.02,-0.25,-0.41,-0.35,-0.21,-0.16
Northern,1882,0.28,0.23,0.03,-0.3,-0.23,-0.28,-0.26,-0.13,-0.23,-0.51,-0.31,-0.66,-0.1975
Northern,1883,-0.56,-0.65,-0.14,-0.27,-0.23,-0.11,-0.01,-0.2,-0.3,-0.14,-0.41,-0.14,-0.2633333333
Northern,1884,-0.16,-0.1,-0.63,-0.58,-0.35,-0.4,-0.43,-0.5,-0.43,-0.43,-0.56,-0.46,-0.4191666667
Northern,1885,-1,-0.45,-0.22,-0.47,-0.58,-0.44,-0.33,-0.4,-0.38,-0.36,-0.37,-0.1,-0.425
Northern,1886,-0.74,-0.83,-0.71,-0.36,-0.32,-0.36,-0.13,-0.42,-0.32,-0.3,-0.38,-0.2,-0.4225
Northern,1887,-1.07,-0.69,-0.42,-0.37,-0.24,-0.19,-0.23,-0.53,-0.19,-0.48,-0.26,-0.42,-0.4241666667
Northern,1888,-0.48,-0.6,-0.63,-0.21,-0.14,-0.02,0.01,-0.2,-0.18,-0.03,0,-0.22,-0.225
Northern,1889,-0.26,0.31,-0.02,0.17,-0.03,-0.06,-0.07,-0.2,-0.3,-0.41,-0.61,-0.54,-0.1683333333
Northern,1890,-0.63,-0.56,-0.46,-0.24,-0.35,-0.15,-0.23,-0.38,-0.34,-0.09,-0.62,-0.46,-0.3758333333
Northern,1891,-0.47,-0.68,-0.16,-0.35,-0.15,-0.12,-0.12,-0.12,-0.08,-0.28,-0.52,-0.03,-0.2566666667
Northern,1892,-0.49,-0.15,-0.67,-0.45,-0.23,-0.05,-0.37,-0.32,-0.2,-0.28,-0.82,-0.65,-0.39
Northern,1893,-1.52,-0.97,-0.31,-0.3,-0.43,-0.18,-0.13,-0.33,-0.28,-0.28,-0.33,-0.6,-0.4716666667
Northern,1894,-0.91,-0.42,-0.21,-0.54,-0.26,-0.4,-0.2,-0.26,-0.32,-0.27,-0.47,-0.35,-0.3841666667
Northern,1895,-0.69,-0.81,-0.49,-0.18,-0.29,-0.2,-0.18,-0.26,-0.05,-0.09,-0.12,-0.22,-0.2983333333
Northern,1896,-0.35,-0.18,-0.49,-0.6,-0.16,0.08,0.01,-0.1,-0.12,0.05,-0.2,-0.21,-0.1891666667
Northern,1897,-0.4,-0.42,-0.4,-0.05,0.14,-0.06,0.04,-0.06,-0.06,-0.14,-0.26,-0.26,-0.1608333333
Northern,1898,0.07,-0.42,-0.78,-0.27,-0.26,-0.06,-0.09,-0.16,-0.16,-0.36,-0.5,-0.25,-0.27
Northern,1899,-0.11,-0.64,-0.57,-0.23,-0.23,-0.34,-0.16,-0.06,-0.04,0.05,0.38,-0.45,-0.2
Northern,1900,-0.6,-0.13,0.07,-0.09,-0.02,-0.08,-0.1,-0.07,-0.01,0.25,-0.1,-0.01,-0.07416666667
Northern,1901,-0.32,-0.08,0.29,0.12,-0.11,0.02,0.03,-0.15,-0.26,-0.31,-0.21,-0.39,-0.1141666667
Northern,1902,-0.15,0.03,-0.37,-0.37,-0.37,-0.34,-0.31,-0.26,-0.32,-0.28,-0.43,-0.58,-0.3125
Northern,1903,-0.2,0.13,-0.12,-0.44,-0.41,-0.43,-0.43,-0.53,-0.48,-0.47,-0.41,-0.55,-0.3616666667
Northern,1904,-0.76,-0.58,-0.39,-0.49,-0.42,-0.47,-0.58,-0.53,-0.62,-0.37,-0.07,-0.33,-0.4675
Northern,1905,-0.41,-0.81,-0.22,-0.45,-0.28,-0.26,-0.2,-0.22,-0.18,-0.25,0.1,-0.16,-0.2783333333
Northern,1906,-0.55,-0.52,-0.19,0.05,-0.24,-0.11,-0.25,-0.15,-0.23,-0.16,-0.39,0.04,-0.225
Northern,1907,-0.57,-0.71,-0.3,-0.44,-0.57,-0.49,-0.39,-0.37,-0.39,-0.18,-0.54,-0.56,-0.4591666667
Northern,1908,-0.53,-0.27,-0.69,-0.47,-0.29,-0.3,-0.35,-0.56,-0.3,-0.44,-0.62,-0.54,-0.4466666667
Northern,1909,-0.92,-0.45,-0.66,-0.64,-0.48,-0.5,-0.43,-0.34,-0.36,-0.32,-0.11,-0.56,-0.4808333333
Northern,1910,-0.35,-0.37,-0.49,-0.4,-0.28,-0.43,-0.36,-0.38,-0.42,-0.3,-0.57,-0.8,-0.4291666667
Northern,1911,-0.69,-0.57,-0.63,-0.44,-0.44,-0.32,-0.35,-0.43,-0.37,-0.18,-0.19,-0.29,-0.4083333333
Northern,1912,-0.34,-0.16,-0.59,-0.15,-0.11,-0.12,-0.51,-0.76,-0.79,-0.83,-0.5,-0.55,-0.4508333333
Northern,1913,-0.55,-0.64,-0.46,-0.5,-0.54,-0.48,-0.5,-0.45,-0.42,-0.39,-0.13,0.12,-0.4116666667
Northern,1914,0.18,-0.1,-0.35,-0.37,-0.18,-0.22,-0.33,-0.27,-0.29,0,-0.21,-0.04,-0.1816666667
Northern,1915,-0.26,-0.08,-0.23,0.08,-0.01,-0.11,-0.08,-0.15,-0.2,-0.26,-0.02,-0.25,-0.1308333333
Northern,1916,-0.08,-0.16,-0.38,-0.34,-0.35,-0.49,-0.33,-0.36,-0.48,-0.34,-0.46,-1.13,-0.4083333333
Northern,1917,-0.53,-0.68,-0.74,-0.64,-0.72,-0.48,-0.32,-0.39,-0.3,-0.62,-0.31,-1.05,-0.565
Northern,1918,-0.69,-0.45,-0.24,-0.58,-0.48,-0.44,-0.33,-0.36,-0.25,-0.04,-0.21,-0.55,-0.385
Northern,1919,-0.37,-0.41,-0.38,-0.23,-0.41,-0.39,-0.33,-0.3,-0.19,-0.08,-0.47,-0.55,-0.3425
Northern,1920,-0.15,-0.28,0.01,-0.2,-0.21,-0.25,-0.25,-0.32,-0.35,-0.39,-0.45,-0.71,-0.2958333333
Northern,1921,0.19,-0.08,-0.11,-0.17,-0.24,-0.15,-0.03,-0.29,-0.17,0,-0.09,-0.13,-0.1058333333
Northern,1922,-0.37,-0.62,-0.11,-0.16,-0.19,-0.15,-0.28,-0.36,-0.43,-0.32,-0.13,-0.14,-0.2716666667
Northern,1923,-0.18,-0.46,-0.39,-0.52,-0.39,-0.23,-0.28,-0.27,-0.17,0.07,0.16,0.1,-0.2133333333
Northern,1924,-0.28,-0.21,0.03,-0.28,-0.05,-0.19,-0.21,-0.26,-0.22,-0.23,0.11,-0.36,-0.1791666667
Northern,1925,-0.28,-0.38,-0.23,-0.16,-0.21,-0.25,-0.25,-0.18,-0.04,-0.08,0.22,0.23,-0.1341666667
Northern,1926,0.53,0.19,0.37,-0.11,-0.23,-0.19,-0.19,-0.05,-0.02,0.07,0.17,-0.29,0.02083333333
Northern,1927,-0.28,-0.08,-0.46,-0.27,-0.12,-0.13,-0.07,-0.16,0.03,0.24,0.09,-0.37,-0.1316666667
Northern,1928,0.27,0.09,-0.23,-0.31,-0.17,-0.31,-0.1,-0.19,-0.16,-0.08,0.06,-0.04,-0.0975
Northern,1929,-0.56,-0.79,-0.19,-0.35,-0.27,-0.39,-0.35,-0.19,-0.2,-0.01,-0.02,-0.65,-0.3308333333
Northern,1930,-0.11,-0.19,0.11,-0.15,-0.2,-0.11,-0.03,0.02,-0.02,0.02,0.45,0.08,-0.01083333333
Northern,1931,0.01,-0.23,-0.06,-0.2,-0.14,0.15,0.08,0.09,0.17,0.36,0.26,0.1,0.04916666667
Northern,1932,0.39,-0.18,-0.2,0.1,-0.09,-0.14,-0.14,-0.08,0.1,0.14,-0.32,-0.21,-0.0525
Northern,1933,-0.18,-0.3,-0.31,-0.17,-0.26,-0.31,-0.13,-0.14,-0.28,-0.17,-0.24,-0.55,-0.2533333333
Northern,1934,-0.15,0.33,-0.27,-0.29,0.08,-0.01,-0.03,-0.1,-0.14,0.13,0.27,0.18,0
Northern,1935,-0.39,0.56,0.03,-0.35,-0.29,-0.15,-0.04,-0.07,-0.06,0.12,-0.32,-0.17,-0.09416666667
Northern,1936,-0.29,-0.5,-0.13,-0.06,-0.01,0.04,0.09,0.03,0.07,0.07,0.15,0.15,-0.0325
Northern,1937,0.09,0.24,-0.23,-0.07,0.12,0.14,0.14,0.15,0.29,0.33,0.25,0,0.1208333333
Northern,1938,0.35,0.28,0.34,0.31,0.03,-0.07,-0.03,0.08,0.15,0.32,0.31,-0.13,0.1616666667
Northern,1939,0.03,-0.01,-0.24,-0.07,0.01,0,0.05,0.08,0.13,0.08,0.24,0.79,0.09083333333
Northern,1940,-0.1,0.14,0.03,0.28,0.16,0.16,0.15,0.07,0.27,0.29,0.3,0.36,0.1758333333
Northern,1941,0.18,0.47,0.12,0.12,0.24,0.21,0.25,0.19,0.1,0.5,0.18,0.19,0.2291666667
Northern,1942,0.4,-0.09,-0.01,0.09,0.16,0.1,0,-0.08,0.11,0.28,0.26,0.27,0.1241666667
Northern,1943,-0.1,0.38,0,0.31,0.23,-0.07,-0.02,0.1,0.14,0.46,0.36,0.37,0.18
Northern,1944,0.62,0.43,0.31,0.18,0.23,0.17,0.14,0.16,0.35,0.44,0.19,-0.01,0.2675
Northern,1945,0.11,-0.06,0.09,0.29,0.08,0.08,0.06,0.28,0.2,0.24,0.09,-0.21,0.1041666667
Northern,1946,0.34,0.09,0.12,0.31,0.03,-0.05,-0.04,-0.1,-0.04,0.02,0.07,-0.45,0.025
Northern,1947,-0.04,-0.04,0.28,0.23,0.06,0,-0.03,-0.04,-0.01,0.41,0.19,-0.05,0.08
Northern,1948,0.3,-0.15,-0.28,-0.03,0.17,0.04,0.01,0.03,-0.03,0.08,0.04,-0.39,-0.0175
Northern,1949,0.23,-0.09,0.04,-0.03,0.01,-0.2,-0.11,-0.04,-0.1,0.07,0.05,-0.14,-0.02583333333
Northern,1950,-0.29,-0.27,0.06,-0.22,-0.04,-0.06,-0.18,-0.2,-0.09,-0.06,-0.33,-0.13,-0.1508333333
Northern,1951,-0.36,-0.52,-0.18,0.06,0.17,-0.02,0.08,0.22,0.34,0.29,0.08,0.38,0.045
Northern,1952,0.17,0.17,-0.22,0.17,0.15,0.16,0.14,0.07,0.14,-0.01,-0.21,0.01,0.06166666667
Northern,1953,0.24,0.37,0.25,0.41,0.24,0.25,0.21,0.18,0.17,0.27,0.08,0.22,0.2408333333
Northern,1954,-0.24,0,-0.16,-0.01,-0.07,-0.04,-0.11,-0.01,0.09,0.13,0.34,-0.11,-0.01583333333
Northern,1955,0.42,-0.13,-0.43,-0.24,-0.13,-0.1,-0.05,0.06,-0.02,0.12,-0.34,-0.29,-0.09416666667
Northern,1956,-0.04,-0.32,-0.23,-0.26,-0.3,-0.2,-0.2,-0.28,-0.32,-0.28,-0.26,-0.1,-0.2325
Northern,1957,-0.14,-0.06,-0.1,-0.1,-0.06,0.12,0.11,0.16,0.12,0.06,0.12,0.24,0.03916666667
Northern,1958,0.68,0.28,0.16,0.02,0.12,0.04,0.04,0.13,0.07,0.08,0.03,0.18,0.1525
Northern,1959,0.24,0.16,0.33,0.22,0.04,0.14,0.05,0.09,0.13,-0.04,0.02,0.1,0.1233333333
Northern,1960,0.15,0.42,-0.4,-0.13,0.03,0.19,0.09,0.11,0.12,0.05,-0.08,0.39,0.07833333333
Northern,1961,0.17,0.29,0.22,0.14,0.07,0.18,0.06,0.05,-0.02,-0.04,0.08,-0.17,0.08583333333
Northern,1962,0.28,0.36,0.3,0.22,0.02,-0.13,0.1,0.04,-0.02,0.13,0.12,0.1,0.1266666667
Northern,1963,0.07,0.5,-0.11,0.04,-0.05,-0.04,0.1,0.14,0.13,0.42,0.43,0.02,0.1375
Northern,1964,-0.05,-0.03,-0.32,-0.3,-0.1,-0.09,-0.13,-0.23,-0.28,-0.31,-0.22,-0.27,-0.1941666667
Northern,1965,-0.02,-0.37,-0.1,-0.26,-0.13,-0.2,-0.18,-0.2,-0.2,-0.02,0.05,-0.08,-0.1425
Northern,1966,-0.25,0.03,0,-0.22,-0.05,0.06,0.11,0.14,0.06,-0.1,0.02,-0.03,-0.01916666667
Northern,1967,-0.17,-0.37,0.23,0.05,0.21,-0.06,0.05,0.06,-0.03,0.29,0.04,0.02,0.02666666667
Northern,1968,-0.29,-0.16,0.44,0,-0.06,-0.04,-0.08,-0.08,-0.04,0,-0.22,-0.33,-0.07166666667
Northern,1969,-0.43,-0.45,-0.2,0.03,0.11,-0.04,0.06,0.05,0.04,0.03,0.15,0.31,-0.02833333333
Northern,1970,-0.02,0.28,-0.07,-0.02,0,0.02,-0.04,-0.05,-0.05,-0.2,0.01,-0.31,-0.0375
Northern,1971,-0.14,-0.21,-0.28,-0.2,-0.12,-0.14,-0.13,-0.16,-0.14,-0.16,-0.02,-0.13,-0.1525
Northern,1972,-0.54,-0.52,0.01,-0.11,-0.15,-0.1,-0.05,-0.09,-0.26,-0.04,-0.2,-0.05,-0.175
Northern,1973,0.15,0.44,0.32,0.19,0.09,0.16,0.04,0.03,-0.08,-0.07,-0.09,-0.04,0.095
Northern,1974,-0.25,-0.35,0.02,-0.1,-0.19,-0.18,-0.12,-0.11,-0.16,-0.23,-0.2,-0.27,-0.1783333333
Northern,1975,0.16,0.09,0.1,0.05,-0.02,-0.08,-0.06,-0.13,-0.08,-0.18,-0.3,-0.22,-0.05583333333
Northern,1976,0.05,-0.12,-0.31,0.02,-0.26,-0.2,-0.26,-0.21,-0.12,-0.51,-0.31,-0.25,-0.2066666667
Northern,1977,-0.16,0.11,0.27,0.25,0.23,0.23,0.09,0.02,0.13,-0.02,0.28,0.02,0.1208333333
Northern,1978,0.16,0.04,0.21,0.07,-0.06,-0.14,-0.07,-0.14,-0.01,0,0.16,0.02,0.02
Northern,1979,-0.05,-0.35,0.18,-0.17,0.01,0.08,0.05,0.04,0.19,0.23,0.24,0.55,0.08333333333
Northern,1980,0.21,0.41,0.07,0.15,0.26,0.19,0.14,0.09,0.1,0.11,0.2,0.09,0.1683333333
Northern,1981,0.79,0.63,0.67,0.39,0.18,0.28,0.09,0.16,0.14,0.23,0.35,0.54,0.3708333333
Northern,1982,-0.13,0.17,0.06,0.17,0.09,0.01,0.05,-0.07,0.06,0,-0.11,0.38,0.05666666667
Northern,1983,0.55,0.35,0.42,0.07,0.06,0.11,0.21,0.26,0.26,0.12,0.49,0.11,0.2508333333
Northern,1984,0.34,0.03,0.18,-0.07,0.23,0.09,0.09,0.06,-0.03,0.09,-0.1,-0.42,0.04083333333
Northern,1985,0.07,-0.29,0,-0.03,0.09,0.01,-0.07,-0.02,0.03,0.03,0.02,0.16,0
Northern,1986,0.36,0.31,0.26,0.15,0.2,0.14,-0.02,0.04,-0.02,0.09,0.04,0.06,0.1341666667
Northern,1987,0.25,0.5,0,0.07,0.23,0.17,0.26,0.27,0.39,0.22,0.11,0.51,0.2483333333
Northern,1988,0.59,0.46,0.47,0.44,0.43,0.4,0.42,0.26,0.26,0.23,0.06,0.43,0.3708333333
Northern,1989,0.08,0.39,0.46,0.32,0.23,0.24,0.32,0.26,0.25,0.25,0.12,0.34,0.2716666667
Northern,1990,0.48,0.55,1.17,0.71,0.5,0.48,0.33,0.41,0.42,0.48,0.46,0.39,0.5316666667
Northern,1991,0.6,0.57,0.46,0.56,0.33,0.47,0.43,0.35,0.36,0.29,0.33,0.21,0.4133333333
Northern,1992,0.61,0.5,0.55,0.16,0.19,0.05,-0.1,-0.07,-0.18,-0.17,-0.08,0.22,0.14
Northern,1993,0.39,0.52,0.39,0.23,0.32,0.22,0.12,0.03,-0.06,0.12,-0.21,0.22,0.1908333333
Northern,1994,0.34,-0.04,0.49,0.49,0.39,0.42,0.34,0.33,0.33,0.55,0.5,0.37,0.3758333333
Northern,1995,0.75,1.19,0.59,0.72,0.41,0.51,0.38,0.54,0.43,0.6,0.57,0.27,0.58
Northern,1996,0.27,0.55,0.32,0.18,0.35,0.25,0.29,0.19,0.04,0.05,0.35,0.35,0.2658333333
Northern,1997,0.34,0.6,0.74,0.49,0.42,0.49,0.41,0.48,0.52,0.63,0.59,0.51,0.5183333333
Northern,1998,0.62,1.04,0.72,0.87,0.66,0.73,0.75,0.72,0.61,0.54,0.49,0.73,0.7066666667
Northern,1999,0.59,1,0.29,0.54,0.36,0.35,0.36,0.31,0.4,0.4,0.53,0.66,0.4825
Northern,2000,0.38,0.89,0.83,0.89,0.55,0.44,0.42,0.47,0.37,0.29,0.2,0.27,0.5
Northern,2001,0.57,0.46,0.76,0.6,0.69,0.51,0.63,0.68,0.56,0.6,0.98,0.65,0.6408333333
Northern,2002,1.02,1.14,1.11,0.51,0.52,0.68,0.66,0.55,0.62,0.54,0.79,0.42,0.7133333333
Northern,2003,0.93,0.56,0.66,0.61,0.72,0.55,0.68,0.86,0.78,0.99,0.66,0.98,0.7483333333
Northern,2004,0.67,0.92,0.87,0.7,0.52,0.47,0.5,0.55,0.6,0.7,0.98,0.45,0.6608333333
Northern,2005,0.94,0.72,0.95,0.93,0.78,0.79,0.75,0.7,0.9,0.95,1.06,0.84,0.8591666667
Northern,2006,0.66,0.96,0.78,0.6,0.76,0.81,0.7,0.69,0.82,0.96,0.95,1.16,0.8208333333
Northern,2007,1.46,0.9,0.96,1.07,0.73,0.66,0.66,0.73,0.67,0.84,0.82,0.77,0.8558333333
Northern,2008,0.34,0.59,1.14,0.65,0.6,0.62,0.6,0.6,0.58,0.86,0.97,0.66,0.6841666667
Northern,2009,0.82,0.7,0.6,0.71,0.66,0.68,0.69,0.72,0.85,0.79,0.85,0.67,0.7283333333
Northern,2010,0.81,0.94,1.1,1.13,0.94,0.85,0.89,0.87,0.71,0.9,1.21,0.5,0.9041666667
Northern,2011,0.61,0.57,0.88,0.85,0.66,0.76,0.73,0.71,0.74,0.91,0.66,0.88,0.7466666667
Northern,2012,0.68,0.59,0.72,1.07,0.97,0.94,0.86,0.76,0.87,0.92,0.98,0.46,0.8183333333
Northern,2013,0.85,0.79,0.81,0.69,0.78,0.77,0.7,0.74,0.7,0.83,1.13,0.84,0.8025
Northern,2014,0.97,0.72,1.2,1.09,0.91,0.82,0.77,0.91,0.84,0.94,0.81,1.11,0.9241666667
Northern,2015,1.18,1.2,1.33,1.03,1.05,1.06,0.92,1.02,1.18,1.3,1.39,1.54,1.183333333
Northern,2016,1.55,1.95,1.91,1.49,1.12,1.13,1.05,1.13,1.23,1.04,1.12,1.05,1.314166667
Northern,2017,1.41,1.53,1.52,1.21,0.93,0.93,0.97,1.02,1.01,1.05,1.23,1.4,1.184166667
Northern,2018,1.15,1.25,1.18,0.98,1.02,0.87,0.91,0.87,0.97,1.25,0.98,1.11,1.045
Northern,2019,1.21,1.14,1.56,1.26,0.99,1.2,1.04,1.1,1.22,1.32,1.21,1.41,1.221666667
Northern,2020,1.6,1.72,1.68,1.41,1.28,1.14,1.11,1.14,1.21,1.23,1.62,1.2,1.361666667
Southern,1880,0.01,0.04,0.06,-0.01,-0.12,-0.24,-0.16,0.07,-0.04,-0.14,0.01,0.06,-0.03833333333
Southern,1881,-0.08,-0.06,0.1,0.1,0.09,-0.05,-0.07,-0.02,-0.04,0,0.01,0.1,0.006666666667
Southern,1882,0.08,0.08,0.08,-0.01,-0.03,-0.15,-0.04,0.02,-0.04,0.04,0,-0.06,-0.0025
Southern,1883,-0.01,-0.07,-0.08,-0.06,-0.09,-0.02,-0.08,-0.05,-0.1,-0.06,-0.04,-0.05,-0.05916666667
Southern,1884,-0.08,-0.05,-0.1,-0.21,-0.31,-0.29,-0.21,-0.06,-0.11,-0.06,-0.1,-0.15,-0.1441666667
Southern,1885,-0.19,-0.22,-0.3,-0.35,-0.32,-0.42,-0.33,-0.22,-0.19,-0.13,-0.1,-0.09,-0.2383333333
Southern,1886,-0.14,-0.19,-0.16,-0.19,-0.15,-0.31,-0.21,-0.18,-0.14,-0.24,-0.14,-0.28,-0.1941666667
Southern,1887,-0.36,-0.43,-0.27,-0.3,-0.34,-0.27,-0.27,-0.16,-0.29,-0.22,-0.24,-0.22,-0.2808333333
Southern,1888,-0.2,-0.13,-0.21,-0.19,-0.29,-0.31,-0.2,-0.1,-0.05,0.06,0.07,0.15,-0.1166666667
Southern,1889,0.08,0.03,0.13,0.03,0.02,-0.13,-0.07,-0.2,-0.17,-0.1,-0.06,-0.03,-0.03916666667
Southern,1890,-0.2,-0.32,-0.33,-0.34,-0.43,-0.33,-0.32,-0.39,-0.38,-0.39,-0.24,-0.16,-0.3191666667
Southern,1891,-0.2,-0.25,-0.2,-0.19,-0.17,-0.28,-0.23,-0.22,-0.23,-0.16,-0.1,-0.05,-0.19
Southern,1892,-0.08,-0.06,-0.14,-0.21,-0.23,-0.38,-0.26,-0.21,-0.13,0,-0.02,-0.11,-0.1525
Southern,1893,-0.12,-0.17,-0.12,-0.24,-0.24,-0.32,-0.14,-0.17,-0.16,-0.08,-0.03,-0.02,-0.1508333333
Southern,1894,-0.13,-0.15,-0.24,-0.35,-0.34,-0.4,-0.26,-0.2,-0.22,-0.17,-0.03,-0.06,-0.2125
Southern,1895,-0.12,-0.05,-0.16,-0.24,-0.24,-0.21,-0.14,-0.06,-0.18,-0.12,-0.2,-0.05,-0.1475
Southern,1896,-0.07,-0.06,-0.03,-0.01,-0.14,-0.28,-0.04,0.01,-0.01,0.09,0.13,0.13,-0.02333333333
Southern,1897,0.1,0.08,0.12,0.01,-0.15,-0.16,-0.07,-0.11,-0.1,-0.09,-0.09,-0.12,-0.04833333333
Southern,1898,-0.09,-0.15,-0.23,-0.33,-0.33,-0.29,-0.32,-0.35,-0.25,-0.32,-0.25,-0.2,-0.2591666667
Southern,1899,-0.19,-0.13,-0.13,-0.17,-0.22,-0.27,-0.15,-0.1,-0.04,-0.12,-0.09,-0.05,-0.1383333333
Southern,1900,-0.09,0.03,-0.04,-0.07,-0.13,-0.08,-0.12,-0.07,-0.06,-0.01,0.01,-0.09,-0.06
Southern,1901,-0.1,-0.12,-0.14,-0.15,-0.18,-0.24,-0.29,-0.24,-0.17,-0.26,-0.12,-0.14,-0.1791666667
Southern,1902,-0.18,-0.14,-0.17,-0.17,-0.24,-0.22,-0.22,-0.3,-0.24,-0.27,-0.25,-0.22,-0.2183333333
Southern,1903,-0.24,-0.22,-0.3,-0.35,-0.36,-0.39,-0.27,-0.35,-0.5,-0.47,-0.43,-0.46,-0.3616666667
Southern,1904,-0.5,-0.56,-0.56,-0.5,-0.59,-0.48,-0.42,-0.43,-0.47,-0.38,-0.25,-0.31,-0.4541666667
Southern,1905,-0.27,-0.35,-0.2,-0.2,-0.28,-0.27,-0.3,-0.16,-0.17,-0.21,-0.2,-0.07,-0.2233333333
Southern,1906,0.02,-0.04,-0.16,-0.14,-0.26,-0.27,-0.18,-0.22,-0.32,-0.23,-0.34,-0.33,-0.2058333333
Southern,1907,-0.27,-0.29,-0.23,-0.28,-0.33,-0.32,-0.29,-0.29,-0.27,-0.25,-0.35,-0.35,-0.2933333333
Southern,1908,-0.34,-0.37,-0.39,-0.4,-0.45,-0.46,-0.34,-0.35,-0.41,-0.43,-0.4,-0.43,-0.3975
Southern,1909,-0.5,-0.46,-0.41,-0.52,-0.59,-0.51,-0.45,-0.32,-0.41,-0.46,-0.52,-0.55,-0.475
Southern,1910,-0.49,-0.45,-0.52,-0.44,-0.38,-0.32,-0.3,-0.33,-0.34,-0.5,-0.52,-0.52,-0.4258333333
Southern,1911,-0.52,-0.55,-0.57,-0.6,-0.57,-0.65,-0.45,-0.44,-0.43,-0.32,-0.2,-0.1,-0.45
Southern,1912,-0.13,-0.11,-0.13,-0.17,-0.28,-0.31,-0.31,-0.29,-0.33,-0.29,-0.24,-0.28,-0.2391666667
Southern,1913,-0.23,-0.24,-0.37,-0.28,-0.32,-0.39,-0.19,-0.2,-0.26,-0.24,-0.23,-0.13,-0.2566666667
Southern,1914,-0.07,-0.08,-0.11,-0.18,-0.22,-0.27,-0.12,-0.04,-0.03,-0.04,-0.07,-0.01,-0.1033333333
Southern,1915,-0.12,0.03,0.05,0.07,-0.09,-0.29,-0.13,-0.26,-0.19,-0.2,-0.22,-0.17,-0.1266666667
Southern,1916,-0.15,-0.12,-0.17,-0.26,-0.32,-0.47,-0.4,-0.19,-0.23,-0.31,-0.46,-0.51,-0.2991666667
Southern,1917,-0.62,-0.58,-0.53,-0.46,-0.38,-0.38,-0.18,-0.06,-0.15,-0.26,-0.35,-0.28,-0.3525
Southern,1918,-0.26,-0.23,-0.25,-0.29,-0.37,-0.28,-0.28,-0.26,-0.09,-0.06,0.03,0,-0.195
Southern,1919,0,-0.05,-0.02,-0.01,-0.13,-0.31,-0.25,-0.36,-0.31,-0.3,-0.33,-0.27,-0.195
Southern,1920,-0.32,-0.22,-0.24,-0.26,-0.31,-0.44,-0.33,-0.2,-0.07,-0.12,-0.07,-0.2,-0.2316666667
Southern,1921,-0.27,-0.27,-0.36,-0.43,-0.35,-0.38,-0.25,-0.21,-0.19,-0.04,-0.16,-0.21,-0.26
Southern,1922,-0.27,-0.25,-0.19,-0.29,-0.47,-0.45,-0.27,-0.29,-0.29,-0.33,-0.16,-0.23,-0.2908333333
Southern,1923,-0.36,-0.31,-0.29,-0.28,-0.28,-0.33,-0.32,-0.37,-0.43,-0.31,-0.19,-0.16,-0.3025
Southern,1924,-0.15,-0.24,-0.18,-0.32,-0.29,-0.31,-0.34,-0.45,-0.41,-0.46,-0.52,-0.5,-0.3475
Southern,1925,-0.49,-0.42,-0.32,-0.34,-0.35,-0.38,-0.26,-0.2,-0.32,-0.23,-0.1,-0.07,-0.29
Southern,1926,-0.1,-0.12,-0.14,-0.1,-0.21,-0.28,-0.32,-0.18,-0.23,-0.26,-0.27,-0.27,-0.2066666667
Southern,1927,-0.24,-0.27,-0.3,-0.34,-0.37,-0.4,-0.29,-0.3,-0.26,-0.24,-0.18,-0.25,-0.2866666667
Southern,1928,-0.28,-0.26,-0.26,-0.23,-0.41,-0.43,-0.28,-0.25,-0.26,-0.29,-0.22,-0.28,-0.2875
Southern,1929,-0.32,-0.36,-0.46,-0.46,-0.48,-0.46,-0.38,-0.43,-0.29,-0.26,-0.18,-0.4,-0.3733333333
Southern,1930,-0.46,-0.34,-0.32,-0.33,-0.28,-0.31,-0.37,-0.3,-0.28,-0.23,-0.07,-0.16,-0.2875
Southern,1931,-0.18,-0.15,-0.12,-0.23,-0.22,-0.28,-0.14,-0.16,-0.29,-0.25,-0.35,-0.2,-0.2141666667
Southern,1932,-0.09,-0.15,-0.16,-0.21,-0.25,-0.42,-0.34,-0.35,-0.31,-0.31,-0.21,-0.3,-0.2583333333
Southern,1933,-0.27,-0.28,-0.27,-0.31,-0.32,-0.36,-0.3,-0.33,-0.31,-0.33,-0.38,-0.35,-0.3175
Southern,1934,-0.29,-0.4,-0.33,-0.32,-0.27,-0.27,-0.16,-0.13,-0.16,-0.26,-0.2,-0.22,-0.2508333333
Southern,1935,-0.26,-0.3,-0.32,-0.38,-0.29,-0.38,-0.37,-0.36,-0.35,-0.21,-0.18,-0.16,-0.2966666667
Southern,1936,-0.25,-0.24,-0.29,-0.33,-0.32,-0.47,-0.28,-0.28,-0.24,-0.12,-0.12,-0.17,-0.2591666667
Southern,1937,-0.23,-0.18,-0.17,-0.24,-0.22,-0.23,-0.2,-0.11,-0.1,-0.15,-0.07,-0.13,-0.1691666667
Southern,1938,-0.19,-0.21,-0.16,-0.2,-0.23,-0.28,-0.18,-0.21,-0.16,-0.05,-0.17,-0.13,-0.1808333333
Southern,1939,-0.15,-0.14,-0.13,-0.13,-0.1,-0.13,-0.15,-0.19,-0.27,-0.15,-0.1,0.1,-0.1283333333
Southern,1940,0.12,0.04,0.17,0.08,0.07,0.07,0.09,0.08,0.07,-0.03,0.06,0.29,0.0925
Southern,1941,0.2,0.17,0.1,0.22,0.14,0.08,0.21,0.13,-0.03,0.22,0.29,0.25,0.165
Southern,1942,0.18,0.13,0.11,0.1,0.06,0,0,0,-0.17,-0.26,-0.09,-0.04,0.001666666667
Southern,1943,0.07,-0.05,-0.08,-0.11,-0.1,-0.04,0.18,-0.08,-0.04,-0.01,0.03,0.08,-0.0125
Southern,1944,0.08,0.04,0.21,0.21,0.14,0.16,0.23,0.22,0.2,0.08,0.03,0.09,0.1408333333
Southern,1945,0.1,0.08,0.03,0.09,0.05,-0.05,0.02,0.24,0.21,0.13,0.07,0.09,0.08833333333
Southern,1946,-0.03,-0.03,-0.09,-0.2,-0.17,-0.38,-0.21,-0.31,-0.12,-0.17,-0.18,-0.15,-0.17
Southern,1947,-0.08,-0.12,-0.16,-0.11,-0.09,-0.03,-0.05,-0.1,-0.24,-0.27,-0.15,-0.22,-0.135
Southern,1948,-0.18,-0.14,-0.21,-0.2,-0.17,-0.15,-0.23,-0.26,-0.26,-0.18,-0.28,-0.08,-0.195
Southern,1949,-0.1,-0.19,-0.08,-0.19,-0.2,-0.34,-0.15,-0.21,-0.19,-0.2,-0.25,-0.22,-0.1933333333
Southern,1950,-0.23,-0.27,-0.22,-0.2,-0.19,-0.05,-0.01,-0.12,-0.15,-0.35,-0.35,-0.32,-0.205
Southern,1951,-0.33,-0.32,-0.22,-0.35,-0.18,-0.11,-0.09,-0.1,-0.21,-0.11,-0.08,-0.06,-0.18
Southern,1952,0.07,0.06,0.07,-0.1,-0.19,-0.21,-0.05,0.02,0,0.01,-0.05,-0.04,-0.03416666667
Southern,1953,-0.08,-0.07,-0.03,-0.01,-0.01,-0.01,-0.19,-0.07,-0.08,-0.1,-0.12,-0.12,-0.07416666667
Southern,1954,-0.23,-0.19,-0.12,-0.27,-0.33,-0.33,-0.28,-0.34,-0.29,-0.18,-0.2,-0.26,-0.2516666667
Southern,1955,-0.17,-0.19,-0.22,-0.21,-0.29,-0.19,-0.19,-0.05,-0.22,-0.24,-0.19,-0.29,-0.2041666667
Southern,1956,-0.22,-0.17,-0.19,-0.29,-0.29,-0.13,0,-0.24,-0.07,-0.19,-0.05,-0.03,-0.1558333333
Southern,1957,-0.04,-0.01,0,0.09,0.23,0.19,-0.06,0.14,0.05,-0.03,0.04,0.07,0.05583333333
Southern,1958,0.1,0.16,0.01,0.01,0,-0.2,0.06,-0.21,-0.11,0.01,0.02,-0.15,-0.025
Southern,1959,-0.08,-0.02,0.03,0.09,0.05,-0.07,0.02,-0.11,-0.25,-0.1,-0.17,-0.1,-0.05916666667
Southern,1960,-0.15,-0.15,-0.29,-0.17,-0.18,-0.26,-0.16,-0.07,0.02,0.06,-0.14,-0.02,-0.1258333333
Southern,1961,-0.03,0.08,-0.03,0.12,0.17,0.05,-0.04,-0.03,0.19,0.04,-0.01,-0.16,0.02916666667
Southern,1962,-0.17,-0.07,-0.09,-0.13,-0.15,0.19,-0.06,-0.06,0.03,-0.1,0,-0.15,-0.06333333333
Southern,1963,-0.14,-0.14,-0.16,-0.19,-0.07,0.13,0.02,0.3,0.22,-0.12,-0.12,-0.08,-0.02916666667
Southern,1964,-0.13,-0.17,-0.1,-0.33,-0.4,0.01,0.04,-0.21,-0.31,-0.32,-0.21,-0.33,-0.205
Southern,1965,-0.15,0.02,-0.16,-0.12,-0.1,0.04,-0.08,0.12,-0.1,-0.08,-0.15,-0.07,-0.06916666667
Southern,1966,-0.13,-0.12,0.08,-0.04,-0.19,-0.04,0.06,-0.3,-0.12,-0.23,-0.03,-0.02,-0.09
Southern,1967,0.03,-0.04,-0.14,-0.15,0.04,-0.1,-0.01,-0.06,-0.1,-0.12,-0.14,-0.13,-0.07666666667
Southern,1968,-0.24,-0.13,-0.05,-0.12,-0.23,-0.14,-0.17,-0.09,-0.32,0.18,0.12,0.05,-0.095
Southern,1969,0.22,0.12,0.22,0.31,0.26,0.12,-0.13,0.03,0.14,0.17,0.1,0.19,0.1458333333
Southern,1970,0.2,0.17,0.19,0.13,-0.06,-0.06,0.07,-0.15,0.27,0.25,0.02,0.06,0.09083333333
Southern,1971,0.09,-0.11,-0.08,0.06,0.01,-0.2,-0.03,0.13,0.02,0.06,-0.14,-0.04,-0.01916666667
Southern,1972,0.09,0.17,0.04,0.12,0.09,0.18,0.08,0.4,0.3,0.21,0.25,0.42,0.1958333333
Southern,1973,0.43,0.21,0.26,0.36,0.36,0.21,0.21,0.08,0.26,0.27,0.18,-0.1,0.2275
Southern,1974,0.05,-0.18,-0.14,-0.14,0.11,0.08,0.06,0.31,0.01,0.11,0.05,0.09,0.03416666667
Southern,1975,0.03,0.06,0.14,0.02,0.32,0.05,0.04,-0.2,0.02,-0.06,-0.05,-0.13,0.02
Southern,1976,-0.12,-0.01,-0.12,-0.17,-0.16,-0.05,0.07,-0.03,-0.01,0.03,0.21,0.47,0.009166666667
Southern,1977,0.53,0.34,0.22,0.27,0.42,0.31,0.32,0.33,-0.08,0.09,0.06,0.04,0.2375
Southern,1978,-0.03,0.16,0.17,0.26,0.24,0.11,0.16,-0.12,0.12,0.06,0.11,0.14,0.115
Southern,1979,0.22,0.16,0.2,0.47,0.06,0.2,0.03,0.29,0.31,0.29,0.33,0.41,0.2475
Southern,1980,0.38,0.38,0.53,0.45,0.44,0.22,0.31,0.28,0.31,0.15,0.38,0.34,0.3475
Southern,1981,0.25,0.21,0.28,0.25,0.31,0.3,0.54,0.53,0.16,0.02,0.11,0.28,0.27
Southern,1982,0.24,0.14,0.01,0.13,0.27,0.11,0.25,0.15,0.23,0.27,0.47,0.47,0.2283333333
Southern,1983,0.51,0.51,0.41,0.49,0.63,0.35,0.17,0.45,0.48,0.22,0.12,0.22,0.38
Southern,1984,0.28,0.26,0.35,0.19,0.42,-0.04,0.3,0.33,0.45,0.19,0.24,0.33,0.275
Southern,1985,0.36,0.22,0.35,0.27,0.2,0.29,0.15,0.34,0.23,0.21,0.08,0.12,0.235
Southern,1986,0.16,0.42,0.34,0.29,0.23,0.1,0.25,0.27,0.09,0.22,0.16,0.2,0.2275
Southern,1987,0.39,0.36,0.37,0.43,0.29,0.53,0.56,0.24,0.33,0.44,0.49,0.42,0.4041666667
Southern,1988,0.54,0.43,0.56,0.41,0.45,0.39,0.24,0.52,0.46,0.51,0.18,0.14,0.4025
Southern,1989,0.16,0.19,0.25,0.25,0.12,0.09,0.36,0.4,0.45,0.33,0.27,0.4,0.2725
Southern,1990,0.35,0.33,0.42,0.42,0.41,0.28,0.58,0.28,0.05,0.41,0.48,0.43,0.37
Southern,1991,0.26,0.42,0.25,0.46,0.36,0.58,0.52,0.43,0.52,0.29,0.27,0.43,0.3991666667
Southern,1992,0.34,0.3,0.41,0.39,0.44,0.47,0.27,0.24,0.17,0.29,0.14,0.21,0.3058333333
Southern,1993,0.3,0.21,0.33,0.32,0.26,0.25,0.38,0.2,0.3,0.34,0.29,0.15,0.2775
Southern,1994,0.19,0.1,0.08,0.34,0.18,0.45,0.27,0.11,0.31,0.3,0.39,0.4,0.26
Southern,1995,0.29,0.38,0.35,0.21,0.13,0.37,0.53,0.37,0.25,0.35,0.31,0.24,0.315
Southern,1996,0.21,0.37,0.34,0.46,0.21,0.26,0.43,0.76,0.45,0.34,0.41,0.39,0.3858333333
Southern,1997,0.25,0.21,0.29,0.19,0.26,0.59,0.28,0.36,0.53,0.6,0.71,0.68,0.4125
Southern,1998,0.55,0.72,0.55,0.4,0.7,0.81,0.59,0.59,0.23,0.3,0.38,0.36,0.515
Southern,1999,0.38,0.27,0.36,0.09,0.17,0.38,0.41,0.33,0.36,0.28,0.21,0.16,0.2833333333
Southern,2000,0.11,0.22,0.27,0.23,0.17,0.35,0.35,0.36,0.4,0.27,0.41,0.3,0.2866666667
Southern,2001,0.35,0.42,0.35,0.42,0.46,0.52,0.55,0.33,0.47,0.41,0.47,0.47,0.435
Southern,2002,0.52,0.42,0.64,0.66,0.75,0.38,0.56,0.52,0.62,0.56,0.4,0.47,0.5416666667
Southern,2003,0.57,0.6,0.53,0.5,0.5,0.42,0.5,0.44,0.47,0.49,0.42,0.52,0.4966666667
Southern,2004,0.5,0.53,0.4,0.52,0.24,0.41,0.05,0.4,0.41,0.52,0.48,0.58,0.42
Southern,2005,0.55,0.48,0.55,0.43,0.48,0.51,0.5,0.54,0.52,0.55,0.42,0.52,0.5041666667
Southern,2006,0.47,0.51,0.48,0.37,0.23,0.5,0.41,0.72,0.48,0.44,0.53,0.43,0.4641666667
Southern,2007,0.58,0.5,0.5,0.47,0.66,0.58,0.55,0.46,0.52,0.33,0.36,0.22,0.4775
Southern,2008,0.27,0.17,0.34,0.42,0.38,0.37,0.6,0.36,0.64,0.48,0.42,0.43,0.4066666667
Southern,2009,0.47,0.36,0.49,0.51,0.64,0.62,0.8,0.64,0.61,0.52,0.78,0.7,0.595
Southern,2010,0.7,0.73,0.75,0.56,0.57,0.51,0.37,0.49,0.56,0.52,0.42,0.39,0.5475
Southern,2011,0.41,0.39,0.41,0.44,0.39,0.47,0.68,0.77,0.4,0.41,0.5,0.32,0.4658333333
Southern,2012,0.3,0.4,0.43,0.36,0.59,0.36,0.32,0.52,0.58,0.67,0.59,0.61,0.4775
Southern,2013,0.56,0.46,0.55,0.41,0.44,0.62,0.51,0.66,0.84,0.55,0.54,0.55,0.5575
Southern,2014,0.53,0.38,0.37,0.52,0.83,0.55,0.4,0.73,0.91,0.68,0.54,0.48,0.5766666667
Southern,2015,0.52,0.61,0.58,0.48,0.56,0.59,0.57,0.61,0.55,0.9,0.75,0.79,0.6258333333
Southern,2016,0.8,0.79,0.79,0.74,0.81,0.51,0.67,0.92,0.6,0.74,0.7,0.69,0.73
Southern,2017,0.65,0.76,0.8,0.69,0.9,0.53,0.67,0.73,0.55,0.75,0.53,0.47,0.6691666667
Southern,2018,0.48,0.45,0.61,0.8,0.63,0.69,0.75,0.65,0.64,0.79,0.69,0.74,0.66
Southern,2019,0.66,0.78,0.8,0.77,0.73,0.65,0.86,0.79,0.64,0.72,0.81,0.79,0.75
Southern,2020,0.74,0.78,0.68,0.86,0.76,0.71,0.69,0.62,0.78,0.56,0.6,0.43,0.6841666667